INSERT INTO group_app(group_name) VALUES('user')
INSERT INTO group_app(group_name) VALUES('admin')

INSERT INTO user_app(user_name, pass_word, version) VALUES('maina', 'PuYC2SlAA74yPJE0eporJcAYhJfayYF+eqstExAB7ws=', 0)
INSERT INTO user_app(user_name, pass_word, version) VALUES('guest', 'hJg8YPfarcHLhphiH4AsDZ+aPDwpXIEHSPsEgRXBhuw=', 0)
INSERT INTO user_app(user_name, pass_word, version) VALUES('demoAdmin', 'KpdRbDVLaISM29j1SiJqClWyHtE44getbFy7nACqWuo=', 0)
INSERT INTO user_app(user_name, pass_word, version) VALUES('FORZATO DEMO ADMIN', 'nfRMzZGcpxImjhWsw3dOmaxRma5sX79YvaW+o/4x5Go=', 0)

INSERT INTO users_groups_app(user_name, groups_group_name) VALUES('maina', 'user')
INSERT INTO users_groups_app(user_name, groups_group_name) VALUES('maina', 'admin')
INSERT INTO users_groups_app(user_name, groups_group_name) VALUES('guest', 'user')
INSERT INTO users_groups_app(user_name, groups_group_name) VALUES('demoAdmin', 'user')
INSERT INTO users_groups_app(user_name, groups_group_name) VALUES('demoAdmin', 'admin')

INSERT INTO provenance(name, version) VALUES('Altro', 0)
INSERT INTO provenance(name, version) VALUES('CISL', 0)
INSERT INTO provenance(name, version) VALUES('Internet', 0)
INSERT INTO provenance(name, version) VALUES('Nostro cliente diretto', 0)
INSERT INTO provenance(name, version) VALUES('Nostro cliente indiretto', 0)
INSERT INTO provenance(name, version) VALUES('Pagine gialle', 0)
INSERT INTO provenance(name, version) VALUES('Sito CSA', 0)
INSERT INTO provenance(name, version) VALUES('Sito pagine gialle', 0)
INSERT INTO provenance(name, version) VALUES('Stampa', 0)
INSERT INTO provenance(name, version) VALUES('Ufficio', 0)
INSERT INTO provenance(name, version) VALUES('Volantino', 0)
INSERT INTO provenance(name, version) VALUES('Informatore', 0)

INSERT INTO worker(userapp_user_name, name, initials, email, version) VALUES('maina', 'Mainardi Davide', 'MD', 'mainardi@prosystemingegneri.com', 0)
INSERT INTO worker(userapp_user_name, name, initials, email, version) VALUES('FORZATO DEMO ADMIN', 'Forzato Guglielmo', 'FG', 'forzato@antifurto.com', 0)

INSERT INTO systemtype(name, symbol, version) VALUES('Anti - Intrusione', 'A', 0)
INSERT INTO systemtype(name, symbol, version) VALUES('Video - TVCC', 'V', 0)
INSERT INTO systemtype(name, symbol, version) VALUES('Rivelazione Incendio', 'RI', 0)
INSERT INTO systemtype(name, symbol, version) VALUES('Controllo Accessi', 'CA', 0)
INSERT INTO systemtype(name, symbol, version) VALUES('Altro', 'oth', 0)
INSERT INTO systemtype(name, symbol, version) VALUES('Fornitura materiale antintrusione', 'FMA', 0)
INSERT INTO systemtype(name, symbol, version) VALUES('Fornitura materiale TVCC', 'FMV', 0)

INSERT INTO unitmeasure(name, symbol, version) VALUES('Metri', 'm', 0)
INSERT INTO unitmeasure(name, symbol, version) VALUES('Pezzi', 'pz.', 0)
INSERT INTO unitmeasure(name, symbol, version) VALUES('Numero', 'nr.', 0)
INSERT INTO unitmeasure(name, symbol, version) VALUES('Scatola', 'scatola', 0)
INSERT INTO unitmeasure(name, symbol, version) VALUES('Matassa', 'matassa', 0)
INSERT INTO unitmeasure(name, symbol, version) VALUES('Chilogrammi', 'kg', 0)
INSERT INTO unitmeasure(name, symbol, version) VALUES('Litri', 'l', 0)
INSERT INTO unitmeasure(name, symbol, version) VALUES('Metri quadri', 'm²', 0)
INSERT INTO unitmeasure(name, symbol, version) VALUES('Metri cubi', 'm³', 0)

INSERT INTO box(quantity, unitmeasure_id, version) VALUES(1, 4, 0)
INSERT INTO box(quantity, unitmeasure_id, version) VALUES(5, 4, 0)
INSERT INTO box(quantity, unitmeasure_id, version) VALUES(10, 4, 0)
INSERT INTO box(quantity, unitmeasure_id, version) VALUES(12, 2, 0)
INSERT INTO box(quantity, unitmeasure_id, version) VALUES(6, 2, 0)
INSERT INTO box(quantity, unitmeasure_id, version) VALUES(100, 5, 0)
INSERT INTO box(quantity, unitmeasure_id, version) VALUES(50, 5, 0)
INSERT INTO box(quantity, unitmeasure_id, version) VALUES(25, 5, 0)

INSERT INTO location(dtype, version) VALUES(0, 0)
INSERT INTO warehouse(id, name, description) VALUES(1, 'Magazzino principale CSA', 'Magazzino centrale')
INSERT INTO location(dtype, version) VALUES(0, 0)
INSERT INTO warehouse(id, name, description) VALUES(2, 'Magazzino secondario CSA', null)

INSERT INTO carrier(name, version) VALUES('TNT', 0)
INSERT INTO carrier(name, version) VALUES('SDA', 0)
INSERT INTO carrier(name, version) VALUES('BRT', 0)
INSERT INTO carrier(name, version) VALUES('Express Courier', 0)

INSERT INTO goodsdescription(name, version) VALUES('Cassoni', 0)
INSERT INTO goodsdescription(name, version) VALUES('Scatole', 0)
INSERT INTO goodsdescription(name, version) VALUES('Sfuso', 0)
INSERT INTO goodsdescription(name, version) VALUES('Vassoi', 0)
INSERT INTO goodsdescription(name, version) VALUES('Bobine', 0)
INSERT INTO goodsdescription(name, version) VALUES('A vista', 0)

INSERT INTO shipmentreason(name, version) VALUES('Vendita', 0)
INSERT INTO shipmentreason(name, version) VALUES('Conto lavoro', 0)
INSERT INTO shipmentreason(name, version) VALUES('Riparazione', 0)
INSERT INTO shipmentreason(name, version) VALUES('Campionatura', 0)
INSERT INTO shipmentreason(name, version) VALUES('Esposizione', 0)
INSERT INTO shipmentreason(name, version) VALUES('Conto visione', 0)

INSERT INTO shippingpayment(name, version) VALUES('Porto franco', 0)
INSERT INTO shippingpayment(name, version) VALUES('Porto assegnato', 0)

INSERT INTO deviceprogrammingtype(name, version) VALUES('Immediato', 0)
INSERT INTO deviceprogrammingtype(name, version) VALUES('Ritardato', 0)
INSERT INTO deviceprogrammingtype(name, version) VALUES('24h', 0)

INSERT INTO placetype(name, version) VALUES('Industriale', 0)
INSERT INTO placetype(name, version) VALUES('Abitazione privata', 0)
INSERT INTO placetype(name, version) VALUES('Attività commerciale', 0)
INSERT INTO placetype(name, version) VALUES('Altro', 0)

INSERT INTO preventivemaintenance(name, version) VALUES('Manutezione preventiva', 0)
INSERT INTO preventivemaintenance(name, version) VALUES('Telecontrollo', 0)

INSERT INTO maintenancepayment(name, version) VALUES('Non fatturare - garanzia', 0)
INSERT INTO maintenancepayment(name, version) VALUES('Inviare fattura', 0)
INSERT INTO maintenancepayment(name, version) VALUES('Pagamento contante', 0)
INSERT INTO maintenancepayment(name, version) VALUES('Pagamento con assegno', 0)
INSERT INTO maintenancepayment(name, version) VALUES('Non effettuato', 0)

INSERT INTO customersupplier(businessname, iscustomer, ispotentialcustomer, isonlyinfo, issupplier, name, notes, taxcode, vatregistrationnumber, version, provenance_id) VALUES('D''ACCARDI', true, true, false, false, 'D''ACCARDI', null, null, null, 0, 3)
INSERT INTO customersupplier(businessname, iscustomer, ispotentialcustomer, isonlyinfo, issupplier, name, notes, taxcode, vatregistrationnumber, version, provenance_id) VALUES('BUCCOMINO CRISTIAN', true, true, false, false, 'BUCCOMINO CRISTIAN', null, null, null, 0, 5)
INSERT INTO customersupplier(businessname, iscustomer, ispotentialcustomer, isonlyinfo, issupplier, name, notes, taxcode, vatregistrationnumber, version, provenance_id) VALUES('Studio Granero', true, true, false, false, 'Studio Granero', 'Nuovo affittuario Studio Grasso - rif. Sig.ra 335 318641', null, null, 0, 4)
INSERT INTO customersupplier(businessname, iscustomer, ispotentialcustomer, isonlyinfo, issupplier, name, notes, taxcode, vatregistrationnumber, version, provenance_id) VALUES('FANTINI ALESSANDRO', true, true, false, false, 'FANTINI ALESSANDRO', null, null, null, 0, 4)
INSERT INTO customersupplier(businessname, iscustomer, ispotentialcustomer, isonlyinfo, issupplier, name, notes, taxcode, vatregistrationnumber, version, provenance_id) VALUES('RITOSSA RENELLA', true, true, false, false, 'RITOSSA RENELLA', 'Inviato mail il 10.09.18', null, null, 0, 3)

INSERT INTO plant(address, email, fax, isheadoffice, name, notes, phone, version, customersupplier_id) VALUES('via Michele Lessona 72 B - Rivarossa - To', null, null, true, 'Sede', '3341904924', null, 0, 1)
INSERT INTO plant(address, email, fax, isheadoffice, name, notes, phone, version, customersupplier_id) VALUES('VIA ALFIERI 25 - SAN GILLIO - TO', 'cri852009@hotmail.it', null, true, 'Sede', '3421816111', null, 0, 2)
INSERT INTO plant(address, email, fax, isheadoffice, name, notes, phone, version, customersupplier_id) VALUES('Via Giacomo Medici 42', 'd.granero@studiogranero.it', null, true, 'Sede', '3492965670', null, 0, 3)
INSERT INTO plant(address, email, fax, isheadoffice, name, notes, phone, version, customersupplier_id) VALUES('VIA SEGANTINI 45', 'fantini@studiofantini.eu', null, true, 'Sede', '01166190439 - cell. Sig.ra 333 7853415 - Dr. Fantini 335 6741889', null, 0, 4)
INSERT INTO plant(address, email, fax, isheadoffice, name, notes, phone, version, customersupplier_id) VALUES('C.SO CINCINNATO 124 - TORINO', 'renella.ritossa@gmail.com', null, true, 'Sede', '339 2982517', null, 0, 5)
