INSERT INTO group_app(group_name) VALUES('user')
INSERT INTO group_app(group_name) VALUES('admin')

INSERT INTO user_app(user_name, pass_word, version) VALUES('maina', 'PuYC2SlAA74yPJE0eporJcAYhJfayYF+eqstExAB7ws=', 0)
INSERT INTO user_app(user_name, pass_word, version) VALUES('guest', 'hJg8YPfarcHLhphiH4AsDZ+aPDwpXIEHSPsEgRXBhuw=', 0)
INSERT INTO user_app(user_name, pass_word, version) VALUES('demoAdmin', 'KpdRbDVLaISM29j1SiJqClWyHtE44getbFy7nACqWuo=', 0)

INSERT INTO users_groups_app(user_name, groups_group_name) VALUES('maina', 'user')
INSERT INTO users_groups_app(user_name, groups_group_name) VALUES('maina', 'admin')
INSERT INTO users_groups_app(user_name, groups_group_name) VALUES('guest', 'user')
INSERT INTO users_groups_app(user_name, groups_group_name) VALUES('demoAdmin', 'user')
INSERT INTO users_groups_app(user_name, groups_group_name) VALUES('demoAdmin', 'admin')

INSERT INTO provenance(name, version) VALUES('Altro', 0)
INSERT INTO provenance(name, version) VALUES('CISL', 0)
INSERT INTO provenance(name, version) VALUES('Internet', 0)
INSERT INTO provenance(name, version) VALUES('Nostro cliente diretto', 0)
INSERT INTO provenance(name, version) VALUES('Nostro cliente indiretto', 0)
INSERT INTO provenance(name, version) VALUES('Pagine gialle', 0)
INSERT INTO provenance(name, version) VALUES('Sito CSA', 0)
INSERT INTO provenance(name, version) VALUES('Sito pagine gialle', 0)
INSERT INTO provenance(name, version) VALUES('Stampa', 0)
INSERT INTO provenance(name, version) VALUES('Ufficio', 0)
INSERT INTO provenance(name, version) VALUES('Volantino', 0)

INSERT INTO customersupplier(businessname, name, ispotentialcustomer, iscustomer, issupplier, taxcode, vatregistrationnumber, notes, provenance_id, version) VALUES('Prosystem Ingegneri Affiliati di Gilli Enrico & C.', 'Prosystem', false, true, false, '10805010013', '10805010013', 'Cliente o fornitore di prova', 4, 0)
INSERT INTO plant(customersupplier_id, isheadoffice, name, address, phone, fax, email, version) VALUES(1, true, 'Sede Prosystem', 'Via Nazionale, 24 10064 Pinerolo (TO)', '0123 456789', '0123 567890', 'info@prosystemingegneri.com', 0)
INSERT INTO referee(customersupplier_id, name, phone, mobile, email, notes, version) VALUES(1, 'Gilli Enrico', null, '3291234567', 'gilli@prosystemingegneri.com', 'Titolare', 0)
INSERT INTO referee(customersupplier_id, name, phone, mobile, email, notes, version) VALUES(1, 'Mainardi Davide', null, '3461234567', 'mainardi@prosystemingegneri.com', null, 0)
INSERT INTO referee(customersupplier_id, name, phone, mobile, email, notes, version) VALUES(1, 'Carioti Ilaria', null, '3931234567', 'carioti@prosystemingegneri.com', 'In maternità fino a gennaio 2018', 0)
INSERT INTO referee(customersupplier_id, name, phone, mobile, email, notes, version) VALUES(1, 'Elena', '0121202147', null, 'info@prosystemingegneri.com', 'Segretaria part-time al mattino', 0)

INSERT INTO customersupplier(businessname, name, ispotentialcustomer, iscustomer, issupplier, provenance_id, version) VALUES('Ferrero cioccolatini SpA', 'Ferrero', true, true, false, 4, 0)
INSERT INTO customersupplier(businessname, name, ispotentialcustomer, iscustomer, issupplier, provenance_id, version) VALUES('Santavicca Costruzioni', 'Santavicca', true, true, false, 3, 0)
INSERT INTO customersupplier(businessname, name, ispotentialcustomer, iscustomer, issupplier, provenance_id, version) VALUES('Mario Rossi', 'Mario Rossi', true, true, false, 2, 0)

INSERT INTO customersupplier(businessname, name, ispotentialcustomer, iscustomer, issupplier, provenance_id, version) VALUES('FCA Motors', 'FIAT', false, true, true, 6, 0)
INSERT INTO plant(customersupplier_id, isheadoffice, name, address, phone, fax, email, version) VALUES(5, true, 'Sede', 'Corso Agnelli, 1 10100 Torino (TO)', '011 456789', '011 567890', 'info@fca.com', 0)
INSERT INTO referee(customersupplier_id, name, phone, mobile, email, version) VALUES(5, 'Marchionne', null, '3391234567', 'marchionne@fca.com', 0)

INSERT INTO worker(userapp_user_name, name, initials, email, version) VALUES('maina', 'Mainardi Davide', 'MD', 'mainardi@prosystemingegneri.com', 0)

INSERT INTO systemtype(name, version) VALUES('Anti - Intrusione', 0)
INSERT INTO systemtype(name, version) VALUES('Video - TVCC', 0)
INSERT INTO systemtype(name, version) VALUES('Rivelazione Incendio', 0)
INSERT INTO systemtype(name, version) VALUES('Controllo Accessi', 0)
INSERT INTO systemtype(name, version) VALUES('Altro', 0)
INSERT INTO systemtype(name, version) VALUES('We.R', 0)
INSERT INTO systemtype(name, version) VALUES('Fornitura materiale antintrusione', 0)
INSERT INTO systemtype(name, version) VALUES('Fornitura materiale TVCC', 0)

INSERT INTO sitesurveyrequest(number, creation, customer_id, systemType_id, isinfo) VALUES('14', '2016-12-30', 1, 1, true)
INSERT INTO sitesurveyrequest(number, creation, customer_id, systemType_id, isinfo) VALUES('13', '2016-12-28', 4, 1, false)
INSERT INTO sitesurveyrequest(number, creation, customer_id, systemType_id, isinfo) VALUES('1', '2017-01-08', 5, 3, true)
INSERT INTO sitesurveyrequest(number, creation, customer_id, systemType_id, isinfo) VALUES('2', '2017-01-10', 4, 2, true)
INSERT INTO sitesurveyrequest(number, creation, customer_id, systemType_id, isinfo) VALUES('3', '2017-02-01', 1, 3, false)
INSERT INTO sitesurveyrequest(number, creation, customer_id, systemType_id, isinfo) VALUES('11', '2016-06-08', 5, 3, false)
INSERT INTO sitesurveyrequest(number, creation, customer_id, systemType_id, isinfo) VALUES('12', '2016-07-10', 4, 5, true)
INSERT INTO sitesurveyrequest(number, creation, customer_id, systemType_id, isinfo) VALUES('10', '2016-05-01', 1, 4, false)
