INSERT INTO group_app(group_name) VALUES('user')
INSERT INTO group_app(group_name) VALUES('admin')

INSERT INTO user_app(user_name, name, pass_word, version) VALUES('maina', 'Mainardi Davide', 'PuYC2SlAA74yPJE0eporJcAYhJfayYF+eqstExAB7ws=', 0)
INSERT INTO user_app(user_name, name, pass_word, version) VALUES('guest', 'Guest User', 'hJg8YPfarcHLhphiH4AsDZ+aPDwpXIEHSPsEgRXBhuw=', 0)
INSERT INTO user_app(user_name, name, pass_word, version) VALUES('demoAdmin', 'Demo Admin', 'KpdRbDVLaISM29j1SiJqClWyHtE44getbFy7nACqWuo=', 0)

INSERT INTO users_groups_app(user_name, groups_group_name) VALUES('maina', 'user')
INSERT INTO users_groups_app(user_name, groups_group_name) VALUES('maina', 'admin')
INSERT INTO users_groups_app(user_name, groups_group_name) VALUES('guest', 'user')
INSERT INTO users_groups_app(user_name, groups_group_name) VALUES('demoAdmin', 'user')
INSERT INTO users_groups_app(user_name, groups_group_name) VALUES('demoAdmin', 'admin')

INSERT INTO provenance(name, version) VALUES('Altro', 0)
INSERT INTO provenance(name, version) VALUES('CISL', 0)
INSERT INTO provenance(name, version) VALUES('Internet', 0)
INSERT INTO provenance(name, version) VALUES('Nostro cliente diretto', 0)
INSERT INTO provenance(name, version) VALUES('Nostro cliente indiretto', 0)
INSERT INTO provenance(name, version) VALUES('Pagine gialle', 0)
INSERT INTO provenance(name, version) VALUES('Sito CSA', 0)
INSERT INTO provenance(name, version) VALUES('Sito pagine gialle', 0)
INSERT INTO provenance(name, version) VALUES('Stampa', 0)
INSERT INTO provenance(name, version) VALUES('Ufficio', 0)
INSERT INTO provenance(name, version) VALUES('Volantino', 0)

